{"textures":{"0":"modelengine:entity/texture_sun_mob"},"elements":[{"from":[11.309429,24.105886,0.2779994],"to":[12.412572,24.65746,1.3811426],"rotation":{"angle":0.0,"axis":"y","origin":[9.103143,6.8968573,6.3452854]},"faces":{"east":{"uv":[10.25,5.5,10.5,5.75],"rotation":0,"texture":"#0","tintindex":0},"south":{"uv":[10.25,5.5,10.5,5.75],"rotation":0,"texture":"#0","tintindex":0},"north":{"uv":[10.25,5.5,10.5,5.75],"rotation":0,"texture":"#0","tintindex":0},"west":{"uv":[10.25,5.5,10.5,5.75],"rotation":0,"texture":"#0","tintindex":0},"up":{"uv":[10.25,5.5,10.5,5.75],"rotation":0,"texture":"#0","tintindex":0},"down":{"uv":[10.25,5.5,10.5,5.75],"rotation":0,"texture":"#0","tintindex":0}}},{"from":[9.103143,24.105886,0.2779994],"to":[10.206285,24.65746,1.3811426],"rotation":{"angle":0.0,"axis":"y","origin":[9.103143,6.8968573,6.3452854]},"faces":{"east":{"uv":[10.25,6.25,10.5,6.5],"rotation":0,"texture":"#0","tintindex":0},"south":{"uv":[10.25,6.25,10.5,6.5],"rotation":0,"texture":"#0","tintindex":0},"north":{"uv":[10.25,6.25,10.5,6.5],"rotation":0,"texture":"#0","tintindex":0},"west":{"uv":[10.25,6.25,10.5,6.5],"rotation":0,"texture":"#0","tintindex":0},"up":{"uv":[10.25,6.25,10.5,6.5],"rotation":0,"texture":"#0","tintindex":0},"down":{"uv":[10.25,6.25,10.5,6.5],"rotation":0,"texture":"#0","tintindex":0}}},{"from":[6.8968573,24.105886,0.2779994],"to":[8.0,24.65746,1.3811426],"rotation":{"angle":0.0,"axis":"y","origin":[9.103143,6.8968573,6.8968573]},"faces":{"east":{"uv":[10.25,7.0,10.5,7.25],"rotation":0,"texture":"#0","tintindex":0},"south":{"uv":[10.25,7.0,10.5,7.25],"rotation":0,"texture":"#0","tintindex":0},"north":{"uv":[10.25,7.0,10.5,7.25],"rotation":0,"texture":"#0","tintindex":0},"west":{"uv":[10.25,7.0,10.5,7.25],"rotation":0,"texture":"#0","tintindex":0},"up":{"uv":[10.25,7.0,10.5,7.25],"rotation":0,"texture":"#0","tintindex":0},"down":{"uv":[10.25,7.0,10.5,7.25],"rotation":0,"texture":"#0","tintindex":0}}},{"from":[4.6905713,24.105886,0.2779994],"to":[5.793714,24.65746,1.3811426],"rotation":{"angle":0.0,"axis":"y","origin":[9.103143,6.8968573,6.8968573]},"faces":{"east":{"uv":[10.25,8.25,10.5,8.5],"rotation":0,"texture":"#0","tintindex":0},"south":{"uv":[10.25,8.25,10.5,8.5],"rotation":0,"texture":"#0","tintindex":0},"north":{"uv":[10.25,8.25,10.5,8.5],"rotation":0,"texture":"#0","tintindex":0},"west":{"uv":[10.25,8.25,10.5,8.5],"rotation":0,"texture":"#0","tintindex":0},"up":{"uv":[10.25,8.25,10.5,8.5],"rotation":0,"texture":"#0","tintindex":0},"down":{"uv":[10.25,8.25,10.5,8.5],"rotation":0,"texture":"#0","tintindex":0}}},{"from":[3.587428,24.105886,1.3811426],"to":[4.6905713,24.65746,2.4842854],"rotation":{"angle":0.0,"axis":"y","origin":[8.0,6.8968573,4.6905713]},"faces":{"east":{"uv":[10.25,9.0,10.5,9.25],"rotation":0,"texture":"#0","tintindex":0},"south":{"uv":[10.25,9.0,10.5,9.25],"rotation":0,"texture":"#0","tintindex":0},"north":{"uv":[10.25,9.0,10.5,9.25],"rotation":0,"texture":"#0","tintindex":0},"west":{"uv":[10.25,9.0,10.5,9.25],"rotation":0,"texture":"#0","tintindex":0},"up":{"uv":[10.25,9.0,10.5,9.25],"rotation":0,"texture":"#0","tintindex":0},"down":{"uv":[10.25,9.0,10.5,9.25],"rotation":0,"texture":"#0","tintindex":0}}},{"from":[3.587428,24.105886,3.587428],"to":[4.6905713,24.65746,4.6905713],"rotation":{"angle":0.0,"axis":"y","origin":[8.0,6.8968573,4.6905713]},"faces":{"east":{"uv":[10.25,9.75,10.5,10.0],"rotation":0,"texture":"#0","tintindex":0},"south":{"uv":[10.25,9.75,10.5,10.0],"rotation":0,"texture":"#0","tintindex":0},"north":{"uv":[10.25,9.75,10.5,10.0],"rotation":0,"texture":"#0","tintindex":0},"west":{"uv":[10.25,9.75,10.5,10.0],"rotation":0,"texture":"#0","tintindex":0},"up":{"uv":[10.25,9.75,10.5,10.0],"rotation":0,"texture":"#0","tintindex":0},"down":{"uv":[10.25,9.75,10.5,10.0],"rotation":0,"texture":"#0","tintindex":0}}},{"from":[3.587428,24.105886,5.793714],"to":[4.6905713,24.65746,6.8968573],"rotation":{"angle":0.0,"axis":"y","origin":[8.0,6.8968573,8.0]},"faces":{"east":{"uv":[0.25,10.5,0.5,10.75],"rotation":0,"texture":"#0","tintindex":0},"south":{"uv":[0.25,10.5,0.5,10.75],"rotation":0,"texture":"#0","tintindex":0},"north":{"uv":[0.25,10.5,0.5,10.75],"rotation":0,"texture":"#0","tintindex":0},"west":{"uv":[0.25,10.5,0.5,10.75],"rotation":0,"texture":"#0","tintindex":0},"up":{"uv":[0.25,10.5,0.5,10.75],"rotation":0,"texture":"#0","tintindex":0},"down":{"uv":[0.25,10.5,0.5,10.75],"rotation":0,"texture":"#0","tintindex":0}}},{"from":[3.587428,24.105886,8.0],"to":[4.6905713,24.65746,9.103143],"rotation":{"angle":0.0,"axis":"y","origin":[8.0,6.8968573,8.0]},"faces":{"east":{"uv":[10.5,1.0,10.75,1.25],"rotation":0,"texture":"#0","tintindex":0},"south":{"uv":[10.5,1.0,10.75,1.25],"rotation":0,"texture":"#0","tintindex":0},"north":{"uv":[10.5,1.0,10.75,1.25],"rotation":0,"texture":"#0","tintindex":0},"west":{"uv":[10.5,1.0,10.75,1.25],"rotation":0,"texture":"#0","tintindex":0},"up":{"uv":[10.5,1.0,10.75,1.25],"rotation":0,"texture":"#0","tintindex":0},"down":{"uv":[10.5,1.0,10.75,1.25],"rotation":0,"texture":"#0","tintindex":0}}},{"from":[4.6905713,24.105886,9.103143],"to":[5.793714,24.65746,10.206285],"rotation":{"angle":0.0,"axis":"y","origin":[8.0,6.8968573,8.0]},"faces":{"east":{"uv":[10.5,1.75,10.75,2.0],"rotation":0,"texture":"#0","tintindex":0},"south":{"uv":[10.5,1.75,10.75,2.0],"rotation":0,"texture":"#0","tintindex":0},"north":{"uv":[10.5,1.75,10.75,2.0],"rotation":0,"texture":"#0","tintindex":0},"west":{"uv":[10.5,1.75,10.75,2.0],"rotation":0,"texture":"#0","tintindex":0},"up":{"uv":[10.5,1.75,10.75,2.0],"rotation":0,"texture":"#0","tintindex":0},"down":{"uv":[10.5,1.75,10.75,2.0],"rotation":0,"texture":"#0","tintindex":0}}},{"from":[6.8968573,24.105886,9.103143],"to":[8.0,24.65746,10.206285],"rotation":{"angle":0.0,"axis":"y","origin":[8.0,6.8968573,8.0]},"faces":{"east":{"uv":[10.5,2.5,10.75,2.75],"rotation":0,"texture":"#0","tintindex":0},"south":{"uv":[10.5,2.5,10.75,2.75],"rotation":0,"texture":"#0","tintindex":0},"north":{"uv":[10.5,2.5,10.75,2.75],"rotation":0,"texture":"#0","tintindex":0},"west":{"uv":[10.5,2.5,10.75,2.75],"rotation":0,"texture":"#0","tintindex":0},"up":{"uv":[10.5,2.5,10.75,2.75],"rotation":0,"texture":"#0","tintindex":0},"down":{"uv":[10.5,2.5,10.75,2.75],"rotation":0,"texture":"#0","tintindex":0}}},{"from":[9.103143,24.105886,9.103143],"to":[10.206285,24.65746,10.206285],"rotation":{"angle":0.0,"axis":"y","origin":[8.0,6.8968573,8.0]},"faces":{"east":{"uv":[10.5,3.25,10.75,3.5],"rotation":0,"texture":"#0","tintindex":0},"south":{"uv":[10.5,3.25,10.75,3.5],"rotation":0,"texture":"#0","tintindex":0},"north":{"uv":[10.5,3.25,10.75,3.5],"rotation":0,"texture":"#0","tintindex":0},"west":{"uv":[10.5,3.25,10.75,3.5],"rotation":0,"texture":"#0","tintindex":0},"up":{"uv":[10.5,3.25,10.75,3.5],"rotation":0,"texture":"#0","tintindex":0},"down":{"uv":[10.5,3.25,10.75,3.5],"rotation":0,"texture":"#0","tintindex":0}}},{"from":[11.309429,24.105886,9.103143],"to":[12.412572,24.65746,10.206285],"rotation":{"angle":0.0,"axis":"y","origin":[8.0,6.8968573,8.0]},"faces":{"east":{"uv":[10.5,4.0,10.75,4.25],"rotation":0,"texture":"#0","tintindex":0},"south":{"uv":[10.5,4.0,10.75,4.25],"rotation":0,"texture":"#0","tintindex":0},"north":{"uv":[10.5,4.0,10.75,4.25],"rotation":0,"texture":"#0","tintindex":0},"west":{"uv":[10.5,4.0,10.75,4.25],"rotation":0,"texture":"#0","tintindex":0},"up":{"uv":[10.5,4.0,10.75,4.25],"rotation":0,"texture":"#0","tintindex":0},"down":{"uv":[10.5,4.0,10.75,4.25],"rotation":0,"texture":"#0","tintindex":0}}},{"from":[12.412572,24.105886,8.0],"to":[13.515715,24.65746,9.103143],"rotation":{"angle":0.0,"axis":"y","origin":[8.0,6.8968573,8.0]},"faces":{"east":{"uv":[10.5,4.75,10.75,5.0],"rotation":0,"texture":"#0","tintindex":0},"south":{"uv":[10.5,4.75,10.75,5.0],"rotation":0,"texture":"#0","tintindex":0},"north":{"uv":[10.5,4.75,10.75,5.0],"rotation":0,"texture":"#0","tintindex":0},"west":{"uv":[10.5,4.75,10.75,5.0],"rotation":0,"texture":"#0","tintindex":0},